date,Open,High,Low,Close,Volume,OpenInterest,adj_fct
2015/4/16,7681,7790,7480.2,7707.8,116888,6643,1
2015/4/17,7722,7918.8,7631.2,7758.2,114214,9144,1
2015/4/20,7760,7857,7582,7622.2,98781,10706,1
2015/4/21,7650.2,8147,7640.2,8140.4,132545,16732,1
2015/4/22,8158,8237.8,8104.4,8189.8,121034,14854,1
2015/4/23,8193,8378.8,8160.4,8265.6,132278,14805,1
2015/4/24,8247.8,8349.8,8123.8,8327.2,126381,14603,1
2015/4/27,8368,8548,8292,8347.2,125335,15187,1
2015/4/28,8308,8419,8011.6,8147,164120,15900,1
2015/4/29,8138,8309,8079,8302.2,134158,17677,1
2015/4/30,8320,8408,8291.2,8338.8,120118,16354,1
2015/5/4,8370.2,8527.4,8202.4,8347.2,101734,16271,1
2015/5/5,8334.8,8345,8090,8145,109987,15884,1
2015/5/6,8168,8280.6,7970,8040.8,111973,15456,1
2015/5/7,8020,8068,7901,7911.4,109599,15127,1
2015/5/8,7933.4,8171.4,7921,8171.2,121062,16258,1
2015/5/11,8170,8508,8144,8489.8,124722,16314,1
2015/5/12,8499.6,8648,8415.4,8647.8,152019,14671,1
2015/5/13,8595,8779,8492,8695.8,189658,14624,1
2015/5/14,8689,8813.6,8645.2,8760.4,112711,8971,1
2015/5/15,8754.8,8769.8,8605.4,8755.2,36739,0,1
2015/5/18,8640.6,8822.2,8580,8798.4,202968,32183,1
2015/5/19,8805.6,9154.4,8736.2,9120.8,228488,33556,1
2015/5/20,9121.8,9463.6,9111.2,9286.8,239847,35302,1
2015/5/21,9311.4,9755,9301,9734.6,256460,38615,1
2015/5/22,9783,9867.4,9525,9741.2,285617,37707,1
2015/5/25,9610,10020.8,9455.4,9966.6,262755,39837,1
2015/5/26,9988,10535,9986.2,10532.2,258963,40848,1
2015/5/27,10598.4,10718,10366,10552,307346,42800,1
2015/5/28,10580,10758.8,9818,9977.2,360766,40149,1
2015/5/29,10126.8,10370,9901,10121,354628,40059,1
2015/6/1,10170.2,11089.8,10168,11025.6,257035,45365,1
2015/6/2,11058,11385,10830,11250.4,280807,44075,1
2015/6/3,11281.2,11436,10809,11103.2,334871,44367,1
2015/6/4,11127,11255.4,10030,10869.2,376160,35808,1
2015/6/5,10900,11258,10540,10949,337852,33977,1
2015/6/8,10840,10939.2,10384.2,10602.6,305756,31732,1
2015/6/9,10599,10950,10453,10700.4,322063,31957,1
2015/6/10,10608,11326,10600,10987.8,312337,34462,1
2015/6/11,11094.8,11290,10920.2,11258.8,267772,33448,1
2015/6/12,11293,11585,11221.8,11427.8,253743,29351,1
2015/6/15,11461.4,11560,11023,11228.6,237446,27571,1
2015/6/16,11238,11238,10656.2,10839,296168,20877,1
2015/6/17,10837.6,11117.6,10504.4,11033.4,255006,15555,1
2015/6/18,11055,11148,10662.4,10672.6,125240,6808,1
2015/6/19,11000,11000,10206.2,10210,41773,0,1
2015/6/23,9977,10100,9375.2,9862.6,363010,34580,1
2015/6/24,9888,10214.4,9710.8,10058,336011,30433,1
2015/6/25,10101,10140,9335,9381.6,355666,29295,1
2015/6/26,9380,9390,8629,8629,296036,31210,1
2015/6/29,8788,8800,7768.4,7768.4,370110,26304,1
2015/6/30,7768,8629,7557,8346,417585,25361,1
2015/7/1,8396,8800,7509.4,7509.4,418824,24877,1
2015/7/2,7910,8277,7323.8,7667.8,502523,20707,1
2015/7/3,7718,7936.4,7072.4,7404.8,407628,24505,1
2015/7/6,8167.2,8167.2,6701.6,7440,345855,23966,1
2015/7/7,7303.6,7438,6516.2,6516.2,126905,22106,1
2015/7/8,6202,7280.2,5956.6,5956.6,37070,15144,1
2015/7/9,5956.6,6552.2,5900,6552.2,17083,13333,1
2015/7/10,6894,7207.4,6888,7207.4,11110,11715,1
2015/7/13,7500,7928,7307.4,7569.6,95522,10281,1
2015/7/14,7749,7970,7532,7645,116607,6837,1
2015/7/15,7613.6,7655.8,7002,7136,92798,5579,1
2015/7/16,7120,7765,6989,7531.8,54002,1828,1
2015/7/17,7542,7948,7501.2,7934.4,9471,0,1
2015/7/20,7920,8087.8,7413.2,7589,189519,11187,1
2015/7/21,7587.8,7935.2,7402.2,7715,185925,9804,1
2015/7/22,7715,7918,7572.2,7773,151210,10619,1
2015/7/23,7802.2,8498.6,7702.2,8386,172241,11372,1
2015/7/24,8414.2,8538,7912.4,7980,185487,11838,1
2015/7/27,7978.8,8180,7341.4,7341.4,153759,12095,1
2015/7/28,7198,7528.8,7034,7221,168856,11401,1
2015/7/29,7300.6,7715.8,6955.2,7702.8,179005,11127,1
2015/7/30,7700,7731,7146,7232,190390,11345,1
2015/7/31,7275,7642.2,7210,7399,149888,10625,1
2015/8/3,7335,7351,6990,7065.2,98428,11396,1
2015/8/4,7088.8,7708.6,7069.2,7657.6,131506,11310,1
2015/8/5,7677,7737.2,7460,7486.4,118095,10723,1
2015/8/6,7415,7727.8,7361,7545.4,122864,11038,1
2015/8/7,7600,7966,7583.8,7851.2,131512,11483,1
2015/8/10,7855,8440,7855,8330,108046,12475,1
2015/8/11,8356.8,8396.2,8185.2,8200.6,103813,11063,1
2015/8/12,8202.2,8330,8051,8082.2,113709,10608,1
2015/8/13,8100,8387,8052.6,8345.8,112898,11158,1
2015/8/14,8388,8527.8,8308,8397,116621,10775,1
2015/8/17,8406,8690,8200,8659,114466,10505,1
2015/8/18,8689,8761.6,7770.2,7802,136282,8469,1
2015/8/19,7793.8,8198.8,7603.2,8151.2,117489,5614,1
2015/8/20,8122,8298.4,7993.8,8003,54692,3146,1
2015/8/21,7500.2,7619,7060,7207.4,173849,13814,1
2015/8/24,6953,7044.6,6523.6,6523.6,89052,15574,1
2015/8/25,6249,6380,5871.4,5871.4,128798,15352,1
2015/8/26,5869,6150,5301.2,5400.2,169262,15626,1
2015/8/27,5700,6079.4,5510,5928.2,166242,15306,1
2015/8/28,6101.2,6402.6,5884,6402.6,129943,15107,1
2015/8/31,6387,6388,5852,5961.4,85814,13352,1
2015/9/1,5960,6195.6,5363.2,5373,109123,14164,1
2015/9/2,5277.4,5975,5101.8,5377,158776,14495,1
2015/9/7,5650,5921.8,5550,5795,11697,11072,1
2015/9/8,5806.2,6383,5752.6,6383,10836,9509,1
2015/9/9,6428,6578,6300,6369,9181,9401,1
2015/9/10,6318,6463.8,6234.2,6319,6395,9113,1
2015/9/11,6330.8,6489,6296.2,6420,6184,8907,1
2015/9/14,6498,6500,5758.2,5758.2,8153,7599,1
2015/9/15,5749.6,5898.6,5590.2,5663.6,6917,6912,1
2015/9/16,5710.4,6200,5620,6050.8,7708,5599,1
2015/9/17,6100,6218.2,5855,5955,4130,3636,1
2015/9/18,5965.2,6192,5930.4,6010.2,2184,0,1
2015/9/21,5750,6184.2,5715,6170.2,10042,8588,1
2015/9/22,6168.8,6190,6005,6077.8,9276,8743,1
2015/9/23,6080.8,6093.2,5903,5980.4,9051,9004,1
2015/9/24,6000,6146.8,5978,6100,8986,9329,1
2015/9/25,6098.8,6115,5713,5787.4,10687,8974,1
2015/9/28,5848,6036.6,5770,5994.4,9431,9251,1
2015/9/29,5950,5950,5788.2,5914,8872,9170,1
2015/9/30,5955,5993,5852,5917.8,7381,8796,1
2015/10/8,6220,6350,6191.8,6195.2,7856,9007,1
2015/10/9,6230,6444.6,6208.8,6406.8,7489,8901,1
2015/10/12,6458.2,6790,6458.2,6642.6,8516,8977,1
2015/10/13,6613,6737.6,6586.4,6688.6,6576,8048,1
2015/10/14,6645,6743.4,6625.6,6645.2,6975,6782,1
2015/10/15,6655.8,6957,6655.2,6954.8,5867,4445,1
2015/10/16,6997.8,7099.2,6902.4,6979.8,3753,0,1
2015/10/19,6797.8,6818,6530,6685,8686,8196,1
2015/10/20,6685,6850,6645.6,6850,8843,8956,1
2015/10/21,6814,6844,6451,6478.8,10707,9261,1
2015/10/22,6520.2,6735,6483,6666.2,10515,9983,1
2015/10/23,6706.2,6920,6671,6908,9940,10045,1
2015/10/26,6944,6949.8,6750,6865,9359,10328,1
2015/10/27,6824,6990,6641.2,6903.4,10357,10853,1
2015/10/28,6910,6927,6666.8,6683.4,9763,10741,1
2015/10/29,6712.2,6886.6,6655,6782,9744,11261,1
2015/10/30,6801,6887,6651,6783.8,10368,11732,1
2015/11/2,6641,6868,6582.6,6668.8,10294,12019,1
2015/11/3,6696.8,6757,6614.8,6656.2,9553,11972,1
2015/11/4,6700,7117.6,6678.8,7090.6,11240,12299,1
2015/11/5,7066.8,7119.6,6983.2,7066.4,9820,11270,1
2015/11/6,7068.8,7338.8,7068,7293.8,8847,11479,1
2015/11/9,7270,7449.8,7205.2,7353.8,8477,11298,1
2015/11/10,7330,7439,7320.2,7394,7301,10651,1
2015/11/11,7388,7548.8,7378,7545,7006,10705,1
2015/11/12,7540,7570,7391,7519,7645,10313,1
2015/11/13,7476.6,7523.4,7330,7468,7923,10101,1
2015/11/16,7345,7670.2,7345,7638,7723,9544,1
2015/11/17,7660,7788.2,7500.8,7547.6,7544,7899,1
2015/11/18,7557.8,7655.6,7466,7499,5941,6295,1
2015/11/19,7516.2,7710,7502.2,7697,4148,4034,1
2015/11/20,7720,7829.8,7680,7804,3192,0,1
2015/11/23,7400.2,7575.2,7338.8,7356.6,9003,14000,1
2015/11/24,7350.6,7488.6,7312.6,7471,8658,14422,1
2015/11/25,7478.8,7636.8,7452.6,7631,8171,14962,1
2015/11/26,7646.6,7671,7530,7531.8,7986,14985,1
2015/11/27,7540.2,7559.4,6931,7092.6,11342,14526,1
2015/11/30,7092.6,7199,6922,7118.2,11040,15403,1
2015/12/1,7125.6,7267,7043,7137.6,10169,15420,1
2015/12/2,7143.2,7293.2,6951,7280.2,12101,15847,1
2015/12/3,7252.2,7407.6,7221.2,7377.8,9758,15908,1
2015/12/4,7307,7387.2,7222,7315.8,8667,15423,1
2015/12/7,7346,7437,7251.2,7339.4,8792,15365,1
2015/12/8,7311,7315.4,7166.6,7230,8842,15375,1
2015/12/9,7231,7280.4,7151,7212,8429,15264,1
2015/12/10,7195,7330,7151.8,7170,9567,14719,1
2015/12/11,7189,7269,7121,7227.4,8567,13989,1
2015/12/14,7167,7429.8,7165,7422,9189,12249,1
2015/12/15,7403,7500.4,7395,7446,6822,10390,1
2015/12/16,7468.8,7570.8,7462.2,7492.6,6024,8545,1
2015/12/17,7529,7713.8,7513.8,7693.6,5077,5797,1
2015/12/18,7661.4,7727.6,7631.6,7700.8,4294,0,1
2015/12/21,7468.4,7612.6,7434.4,7585,7880,12144,1
2015/12/22,7604.6,7660,7528.8,7650,7211,12143,1
2015/12/23,7661.4,7666.8,7511.2,7516.4,7931,12296,1
2015/12/24,7532.6,7571,7405.8,7533.4,7879,12843,1
2015/12/25,7552.6,7603.2,7503,7595.8,6734,12940,1
2015/12/28,7546,7619.8,7295.2,7305,8527,13027,1
2015/12/29,7333.2,7437.4,7285,7418.2,8751,13862,1
2015/12/30,7442,7543,7411.2,7511.4,7661,14413,1
2015/12/31,7529,7553,7338,7349,8521,14285,1
2016/1/4,7350,7364.8,6881.2,6881.2,5957,13616,1
2016/1/5,6650,6880,6650,6699,10206,14978,1
2016/1/6,6749,6870,6701,6814.4,9565,14346,1
2016/1/7,6745.8,6745.8,6360,6360,2196,13502,1
2016/1/8,6520,6588.8,6150,6399.8,10654,14367,1
2016/1/11,6248.8,6396.8,5929.8,5940.4,11236,13600,1
2016/1/12,6040.2,6167.2,5961,6074.8,11013,11939,1
2016/1/13,6126.4,6210,5849.4,5904.4,10420,10031,1
2016/1/14,5735,6109.8,5723,6078,8896,6155,1
2016/1/15,6052.4,6121.8,5923.4,5942.8,5486,0,1
2016/1/18,5555.8,5810,5543.2,5695.2,12537,14010,1
2016/1/19,5721.2,5968.6,5700,5928.8,11821,14526,1
2016/1/20,5876,5964.4,5801,5835,11388,14763,1
2016/1/21,5849.8,5990,5655,5679,13357,15924,1
2016/1/22,5780,5836,5615.8,5779.8,12855,16430,1
2016/1/25,5815.2,5912,5750.6,5800,10339,16152,1
2016/1/26,5750,5767.8,5370.8,5401.2,12248,16676,1
2016/1/27,5450,5456.8,5112.2,5280.4,14261,17346,1
2016/1/28,5250,5346.4,5132,5155,11986,17118,1
2016/1/29,5177,5421,5160.2,5329.8,13534,17250,1
2016/2/1,5339,5394.4,5212.6,5323,11210,16823,1
2016/2/2,5334,5546.8,5330.8,5523.6,11870,16643,1
2016/2/3,5470,5584,5411,5556.8,11301,15852,1
2016/2/4,5600,5719.2,5600,5695,11228,15626,1
2016/2/5,5683,5708.8,5611,5617,8330,14114,1
2016/2/15,5531.8,5675,5461,5651.4,9579,13380,1
2016/2/16,5689,5908,5681,5881,9115,11442,1
2016/2/17,5870,5969,5836,5947,7984,8589,1
2016/2/18,6000,6036.4,5931.6,5950.2,5978,5317,1
2016/2/19,5939.6,5985.6,5931.6,5969.2,3806,0,1
2016/2/22,5815.2,5924.8,5803.6,5869.2,12135,20565,1
2016/2/23,5861.2,5885.6,5760,5845,11641,20712,1
2016/2/24,5828.8,5922.6,5720,5881.8,14074,20866,1
2016/2/25,5880.8,5898.6,5300,5361,16289,20947,1
2016/2/26,5433.6,5496.8,5333,5417.8,14435,21084,1
2016/2/29,5399.8,5407.8,5036,5075.2,16685,20867,1
2016/3/1,5075.6,5288,5072.6,5227.4,16946,20637,1
2016/3/2,5260.2,5625,5251.2,5587.8,17043,20637,1
2016/3/3,5588,5736,5582,5603.8,15720,20055,1
2016/3/4,5603.8,5671,5383,5452,17931,19314,1
2016/3/7,5567,5717.6,5515.8,5595,15686,18679,1
2016/3/8,5511,5677,5365,5661,17416,19015,1
2016/3/9,5551.8,5607,5461,5500,14368,18471,1
2016/3/10,5548,5598.8,5371,5396,15160,18455,1
2016/3/11,5351,5478.6,5321,5413.2,14291,18117,1
2016/3/14,5560,5738,5515.4,5629.6,15660,16512,1
2016/3/15,5627,5678.8,5571.4,5608,12151,14163,1
2016/3/16,5700,5711,5482.8,5565.4,12799,11604,1
2016/3/17,5602.2,5796.8,5561.2,5760,10005,6316,1
2016/3/18,5780,5976,5780,5944.6,4699,0,1
2016/3/21,5870.4,5957,5845.2,5929.8,14424,22327,1
2016/3/22,5881.6,5989.8,5865.4,5921.6,12716,22529,1
2016/3/23,5920,5975.6,5868.4,5949.2,13235,23020,1
2016/3/24,5900.8,5963.2,5832.2,5843.4,17212,22843,1
2016/3/25,5860,5945,5845.4,5910.4,13715,22661,1
2016/3/28,5965.6,6065,5838,5857,15579,22891,1
2016/3/29,5860.2,5884.4,5720,5788.8,16820,22247,1
2016/3/30,5868,6033.6,5827,6020.8,16645,22100,1
2016/3/31,6033.2,6085.2,6013.8,6020,14844,21598,1
2016/4/1,6000.4,6030,5863.2,6028,16667,20879,1
2016/4/5,6006,6240.8,5993.6,6190.4,16082,21156,1
2016/4/6,6190.4,6237.6,6172,6223.4,12384,20581,1
2016/4/7,6248.4,6284.4,6139.6,6156,15000,20086,1
2016/4/8,6138.2,6138.2,6030.2,6114.2,15056,19253,1
2016/4/11,6170,6316.2,6170,6237,14493,17578,1
2016/4/12,6230,6266.4,6140.8,6239.8,14188,15441,1
2016/4/13,6300,6427.8,6283.6,6306,14248,11554,1
2016/4/14,6366,6385.8,6316,6381.2,8451,6020,1
2016/4/15,6376.2,6391.8,6329.2,6376.6,4898,0,1
2016/4/18,6152,6160,6026,6093.2,14073,20573,1
2016/4/19,6160.2,6174.2,6056.2,6102.6,13211,21188,1
2016/4/20,6148.8,6161.8,5721.2,5791.2,17516,22380,1
2016/4/21,5800.4,5916,5767,5788.4,14947,22584,1
2016/4/22,5741,5850,5727.8,5850,14142,22702,1
2016/4/25,5808.8,5824.2,5686.6,5815.4,14091,22620,1
2016/4/26,5825.6,5896.8,5765.6,5885,14340,23019,1
2016/4/27,5897.6,5934.4,5834,5865.8,13355,23047,1
2016/4/28,5881.4,5884.8,5725.4,5833,15156,23920,1
2016/4/29,5809.8,5890,5798,5844.8,13060,23272,1
2016/5/3,5863,6090,5800.6,6085,15722,24047,1
2016/5/4,6060,6110,6040,6062.8,11968,23406,1
2016/5/5,6053.8,6138,6042,6132.8,12362,23672,1
2016/5/6,6111,6156.4,5883,5887.8,16908,23189,1
2016/5/9,5830,5837,5633.2,5652.8,15386,22198,1
2016/5/10,5679,5705.6,5636.6,5650,12254,21172,1
2016/5/11,5711,5749.8,5613.6,5640.4,14334,20300,1
2016/5/12,5600,5682,5505.6,5670,14964,19664,1
2016/5/13,5649,5766,5620,5659.2,13460,18410,1
2016/5/16,5641,5785,5621,5772.2,13276,16188,1
2016/5/17,5784.2,5827,5715.2,5779.2,13270,13455,1
2016/5/18,5701,5730,5561.8,5632.8,11637,10121,1
2016/5/19,5630,5739.8,5625.4,5641.2,8468,5095,1
2016/5/20,5431,5586.2,5422.6,5562.8,15262,25881,1
2016/5/23,5586.6,5685,5586.6,5635.2,13848,26225,1
2016/5/24,5633.8,5646.4,5541.8,5598.6,14551,26768,1
2016/5/25,5665,5680,5550,5556,14251,26991,1
2016/5/26,5551,5627.8,5462.4,5627.8,17065,28030,1
2016/5/27,5617.8,5664,5574,5630.6,14549,27494,1
2016/5/30,5589,5676.8,5520,5611,15755,27527,1
2016/5/31,5630,5927.8,5630,5923.2,18925,27245,1
2016/6/1,5925,5965.6,5892,5899.8,13944,25970,1
2016/6/2,5908,5946.8,5896.2,5937.8,12429,25030,1
2016/6/3,5950,6019.4,5908.4,6003.6,15181,24545,1
2016/6/6,6020,6037.4,5956.2,5974,12536,23226,1
2016/6/7,5983,6017.6,5947.4,6016.6,12039,22547,1
2016/6/8,5998,6027,5931.6,5995.8,13144,21343,1
2016/6/13,5910,5977.8,5721,5732,15848,19235,1
2016/6/14,5740,5774,5689,5723.4,13728,16373,1
2016/6/15,5688,5963.8,5678.8,5920,13782,12836,1
2016/6/16,5920.2,5950,5883.2,5912.8,9201,6582,1
2016/6/17,5940,6012.4,5940,5962.4,5041,0,1
2016/6/20,5820,5864.4,5725.2,5848.2,14283,21028,1
2016/6/21,5900,5969.6,5735.4,5777.6,16109,22023,1
2016/6/22,5759.8,5922.2,5756.6,5922,14943,22533,1
2016/6/23,5910,5918,5822.2,5888,13737,22547,1
2016/6/24,5871,5935.8,5653.6,5787,18967,23945,1
2016/6/27,5810.2,5977.4,5806,5965.2,15312,23986,1
2016/6/28,5945,6045,5924.4,6037,15062,24342,1
2016/6/29,6067,6077,6010,6050.4,12972,23962,1
2016/6/30,6045,6062.2,6021.2,6051.6,11598,23528,1
2016/7/1,6060,6107,6013.6,6039.8,13186,23994,1
2016/7/4,6011,6201,6011,6159.6,14960,24454,1
2016/7/5,6163.6,6219.8,6162.2,6202.4,11624,23608,1
2016/7/6,6193.4,6256.6,6165.8,6226.6,12366,23183,1
2016/7/7,6237.4,6293.8,6178.4,6279.4,14216,22145,1
2016/7/8,6261.4,6299,6226,6265,11802,20801,1
2016/7/11,6289.6,6356.8,6245,6248,13589,19426,1
2016/7/12,6261.2,6376.6,6220.2,6368.6,14918,16150,1
2016/7/13,6394.2,6453,6363.2,6416.4,12722,12400,1
2016/7/14,6409.8,6447.6,6405.6,6442.2,8080,6874,1
2016/7/15,6441.4,6469.6,6412,6439.8,5511,0,1
2016/7/18,6298.6,6338,6252.2,6266,11932,19523,1
2016/7/19,6281.6,6299.6,6218.2,6272.8,12937,20346,1
2016/7/20,6294,6337.6,6263.8,6265.4,12788,20580,1
2016/7/21,6276.8,6378,6272.2,6310,13796,21788,1
2016/7/22,6299,6332.4,6259,6272.6,12238,21621,1
2016/7/25,6256,6326,6248,6290.4,11452,21776,1
2016/7/26,6286.2,6396.8,6286.2,6393.4,12105,22511,1
2016/7/27,6395.2,6416.4,6042.2,6104.2,18101,22307,1
2016/7/28,6120.2,6160.4,6060.2,6125.6,13897,22046,1
2016/7/29,6142,6154.4,6081,6103,11027,21812,1
2016/8/1,6088,6104,5960.2,6028.2,12872,22339,1
2016/8/2,6055.6,6100,6029.4,6083,10792,22184,1
2016/8/3,6072.8,6124.8,6063,6102.6,10729,22089,1
2016/8/4,6109.8,6166.6,6086.4,6164.8,10270,21736,1
2016/8/5,6155.8,6169.6,6128.8,6147.2,9936,21337,1
2016/8/8,6144.4,6248.6,6088.4,6248.2,12776,21782,1
2016/8/9,6247.8,6302.8,6237.4,6297.2,10365,21318,1
2016/8/10,6295.8,6321.4,6274.4,6286.2,9411,20816,1
2016/8/11,6279.6,6286,6193,6196,12373,20277,1
2016/8/12,6200,6295.6,6177,6260.4,12572,18868,1
2016/8/15,6285.2,6455.4,6263,6405.2,13954,16057,1
2016/8/16,6425,6480,6425,6458.2,10161,12880,1
2016/8/17,6448,6488.6,6431,6470.8,8868,8917,1
2016/8/18,6475.6,6520.2,6457,6484.6,6678,4418,1
2016/8/19,6386.2,6419.8,6345,6385.6,10250,23846,1
2016/8/22,6391.2,6428,6306.2,6320.6,10581,24766,1
2016/8/23,6334.8,6360.4,6234.2,6308.6,11066,24779,1
2016/8/24,6336.8,6364.4,6295.6,6314.2,10619,24703,1
2016/8/25,6279.8,6285,6188,6280,11643,24910,1
2016/8/26,6305.8,6379.4,6262,6279.2,11926,25190,1
2016/8/29,6279.2,6347.4,6279,6327.2,10281,25084,1
2016/8/30,6329,6377,6300,6330,10811,25325,1
2016/8/31,6326.8,6349.6,6272,6343,10943,24952,1
2016/9/1,6340,6357,6265.8,6279,9918,24715,1
2016/9/2,6273.2,6333.4,6251,6271,11016,25085,1
2016/9/5,6302.6,6357,6296.8,6309.2,10397,23952,1
2016/9/6,6312.8,6449.8,6251,6445.8,13791,23814,1
2016/9/7,6452,6477,6423,6429,10452,21676,1
2016/9/8,6430,6482.2,6430,6477.2,9125,20658,1
2016/9/9,6475,6487.2,6440.4,6445,9821,18857,1
2016/9/12,6340,6355.2,6252.6,6256,12212,16207,1
2016/9/13,6298.2,6313,6277,6292.2,9278,11375,1
2016/9/14,6271.4,6308.8,6260,6270,7367,6057,1
2016/9/19,6299,6334.4,6290,6330.8,4009,0,1
2016/9/20,6223.6,6232,6200.4,6217.6,7581,19903,1
2016/9/21,6228,6268,6218,6248.2,8710,20178,1
2016/9/22,6280,6332.8,6280,6293.2,9687,20397,1
2016/9/23,6316.2,6316.2,6286,6298.6,7098,20297,1
2016/9/26,6288.6,6298.6,6185.2,6201.2,10152,20838,1
2016/9/27,6238.8,6251,6172,6245.6,9823,20957,1
2016/9/28,6248.6,6258,6222.2,6240.2,7648,20352,1
2016/9/29,6254.8,6314,6247.6,6299.8,9244,20178,1
2016/9/30,6289.4,6325.2,6283.2,6318.6,7227,19246,1
2016/10/10,6348.8,6449.6,6168,6444.6,9917,19295,1
2016/10/11,6446.4,6461.8,6435,6454.8,7340,18581,1
2016/10/12,6442,6463.4,6435.8,6448.2,6550,18203,1
2016/10/13,6457.8,6484.4,6442.2,6462,7093,17656,1
2016/10/14,6461.6,6474,6410,6467,8630,16596,1
2016/10/17,6482,6496.8,6376.2,6418,8847,14511,1
2016/10/18,6419.4,6516,6415.4,6505.4,9688,12278,1
2016/10/19,6510.2,6534.4,6479,6491.2,7588,8872,1
2016/10/20,6500.6,6513,6482.6,6499,5547,4783,1
2016/10/21,6497.2,6514.8,6425.2,6451.8,4117,0,1
2016/10/24,6428.8,6506.6,6401.2,6471.4,9400,19546,1
2016/10/25,6488,6495.8,6475.4,6487,6243,19160,1
2016/10/26,6488,6488,6438.8,6471,8054,19406,1
2016/10/27,6471,6474,6423.4,6458.2,7592,19231,1
2016/10/28,6458.6,6485,6395.4,6411,8917,19562,1
2016/10/31,6403.8,6413,6360.4,6407.6,7567,18971,1
2016/11/1,6410,6473.6,6403.8,6465,8223,19130,1
2016/11/2,6455,6461,6397.4,6400,7714,18492,1
2016/11/3,6396.6,6493.4,6392.4,6435,9540,18783,1
2016/11/4,6435,6477.8,6406.4,6419.6,7402,17934,1
2016/11/7,6438.8,6454,6398,6409,7276,17408,1
2016/11/8,6434,6488,6425,6469,8041,16619,1
2016/11/9,6467.4,6475.8,6307.2,6405,11217,16148,1
2016/11/10,6473,6517.6,6472,6499,8109,14854,1
2016/11/11,6496.8,6573.6,6485,6563,8360,14274,1
2016/11/14,6552.6,6618,6547.2,6586.6,8049,12627,1
2016/11/15,6580,6608,6575,6601.8,6781,10425,1
2016/11/16,6627,6638,6607.2,6627.4,6203,7573,1
2016/11/17,6520.4,6547,6480,6547,6731,22062,1
2016/11/18,6549.8,6549.8,6492,6506.8,7552,24078,1
2016/11/21,6511.2,6573.2,6502,6523.2,8422,25108,1
2016/11/22,6535.2,6593.6,6531,6593.6,7467,25218,1
2016/11/23,6615,6615,6550.2,6561.8,7611,25466,1
2016/11/24,6568.4,6574.6,6531.8,6547.6,6412,25176,1
2016/11/25,6541,6586.6,6449,6564.8,9326,25200,1
2016/11/28,6595.8,6617.8,6553.2,6596.4,7392,24667,1
2016/11/29,6588,6608.8,6530.2,6556.8,7785,24336,1
2016/11/30,6543,6589,6506.4,6531.2,8352,23756,1
2016/12/1,6540.2,6592.2,6533,6572,7066,22892,1
2016/12/2,6550.2,6563,6430.2,6433,8206,22482,1
2016/12/5,6395,6492,6388,6430,7184,21728,1
2016/12/6,6451.6,6479.8,6421.6,6431.4,6802,20646,1
2016/12/7,6443,6499.6,6417.6,6488.6,7362,19153,1
2016/12/8,6491.2,6505,6475,6488.8,6546,17489,1
2016/12/9,6470,6499.8,6456,6456,6655,16411,1
2016/12/12,6459.2,6492.6,6156.6,6174.6,9657,14249,1
2016/12/13,6188.6,6253.2,6161.6,6231,8125,11735,1
2016/12/14,6231,6292,6197,6224,7622,8307,1
2016/12/15,6217,6304.4,6200,6262.8,6052,4508,1
2016/12/16,6262.4,6324,6262.4,6313,3374,0,1
2016/12/19,6204,6209.4,6153.2,6198,6142,18963,1
2016/12/20,6190.4,6216.4,6164.2,6183.8,6587,19276,1
2016/12/21,6200.4,6264,6200.4,6256.6,6920,19406,1
2016/12/22,6249.4,6254.6,6187.8,6235,6495,19581,1
2016/12/23,6230.2,6235,6170.2,6209.8,6058,19596,1
2016/12/26,6181.6,6226.8,6114.6,6219.8,7211,20025,1
2016/12/27,6216,6237.6,6212,6216,4972,19728,1
2016/12/28,6224.8,6232.6,6186.4,6218,5091,19652,1
2016/12/29,6214.8,6250.8,6184.4,6215.8,6280,19887,1
2016/12/30,6225,6247,6191.2,6210.6,5919,19468,1
,,,,,,,
,,,,,,,
,,,,,,,
,,,,,,,
,,,,,,,
,,,,,,,
,,,,,,,
,,,,,,,
,,,,,,,
,,,,,,,
,,,,,,,
,,,,,,,
,,,,,,,
,,,,,,,
,,,,,,,
,,,,,,,
,,,,,,,
,,,,,,,
,,,,,,,
,,,,,,,
,,,,,,,
,,,,,,,
,,,,,,,
,,,,,,,
,,,,,,,
,,,,,,,
,,,,,,,
,,,,,,,
,,,,,,,
,,,,,,,
,,,,,,,
,,,,,,,
,,,,,,,
,,,,,,,
,,,,,,,
,,,,,,,
,,,,,,,
,,,,,,,
,,,,,,,
,,,,,,,
,,,,,,,
,,,,,,,
,,,,,,,
,,,,,,,
,,,,,,,
,,,,,,,
,,,,,,,
,,,,,,,
,,,,,,,
,,,,,,,
,,,,,,,
,,,,,,,
,,,,,,,
,,,,,,,
,,,,,,,
,,,,,,,
,,,,,,,
,,,,,,,
,,,,,,,
,,,,,,,
,,,,,,,
,,,,,,,
,,,,,,,
,,,,,,,
,,,,,,,
,,,,,,,
,,,,,,,
,,,,,,,
,,,,,,,
,,,,,,,
,,,,,,,
,,,,,,,
,,,,,,,
,,,,,,,
,,,,,,,
,,,,,,,
,,,,,,,
,,,,,,,
,,,,,,,
,,,,,,,
,,,,,,,
,,,,,,,
,,,,,,,
,,,,,,,
,,,,,,,
,,,,,,,
,,,,,,,
,,,,,,,
,,,,,,,
,,,,,,,
,,,,,,,
,,,,,,,
,,,,,,,
,,,,,,,
,,,,,,,
,,,,,,,
,,,,,,,
,,,,,,,
,,,,,,,
,,,,,,,
,,,,,,,
,,,,,,,
,,,,,,,
,,,,,,,
,,,,,,,
,,,,,,,
,,,,,,,
,,,,,,,
,,,,,,,
,,,,,,,
,,,,,,,
,,,,,,,
,,,,,,,
,,,,,,,
,,,,,,,
,,,,,,,
,,,,,,,
,,,,,,,
,,,,,,,
,,,,,,,
,,,,,,,
,,,,,,,
,,,,,,,
,,,,,,,
,,,,,,,
,,,,,,,
,,,,,,,
,,,,,,,
,,,,,,,
,,,,,,,
,,,,,,,
,,,,,,,
,,,,,,,
,,,,,,,
,,,,,,,
,,,,,,,
,,,,,,,
,,,,,,,
,,,,,,,
,,,,,,,
,,,,,,,
,,,,,,,
,,,,,,,
,,,,,,,
,,,,,,,
,,,,,,,
,,,,,,,
,,,,,,,
,,,,,,,
,,,,,,,
,,,,,,,
,,,,,,,
,,,,,,,
,,,,,,,
,,,,,,,
,,,,,,,
,,,,,,,
,,,,,,,
,,,,,,,
,,,,,,,
,,,,,,,
,,,,,,,
,,,,,,,
,,,,,,,
,,,,,,,
,,,,,,,
,,,,,,,
,,,,,,,
,,,,,,,
,,,,,,,
,,,,,,,
,,,,,,,
,,,,,,,
,,,,,,,
,,,,,,,
,,,,,,,
,,,,,,,
,,,,,,,
,,,,,,,
,,,,,,,
,,,,,,,
,,,,,,,
,,,,,,,
,,,,,,,
,,,,,,,
,,,,,,,
,,,,,,,
,,,,,,,
,,,,,,,
,,,,,,,
,,,,,,,
,,,,,,,
,,,,,,,
,,,,,,,
,,,,,,,
,,,,,,,
,,,,,,,
,,,,,,,
,,,,,,,
,,,,,,,
,,,,,,,
,,,,,,,
,,,,,,,
,,,,,,,
,,,,,,,
,,,,,,,
,,,,,,,
,,,,,,,
,,,,,,,
,,,,,,,
,,,,,,,
,,,,,,,
,,,,,,,
,,,,,,,
,,,,,,,
,,,,,,,
,,,,,,,
,,,,,,,
,,,,,,,
,,,,,,,
,,,,,,,
,,,,,,,
,,,,,,,
,,,,,,,
,,,,,,,
,,,,,,,
,,,,,,,
,,,,,,,
,,,,,,,
,,,,,,,
,,,,,,,
,,,,,,,
,,,,,,,
,,,,,,,
,,,,,,,
,,,,,,,
,,,,,,,
,,,,,,,
,,,,,,,
,,,,,,,
,,,,,,,
,,,,,,,
